EXCH_ID,SEGMENT,SECURITY_ID,ISIN,INSTRUMENT,UNDERLYING_SECURITY_ID,UNDERLYING_SYMBOL,SYMBOL_NAME,DISPLAY_NAME,INSTRUMENT_TYPE,SERIES,LOT_SIZE,SM_EXPIRY_DATE,STRIKE_PRICE,OPTION_TYPE,TICK_SIZE,EXPIRY_FLAG,BRACKET_FLAG,COVER_FLAG,ASM_GSM_FLAG,ASM_GSM_CATEGORY,BUY_SELL_INDICATOR,BUY_CO_MIN_MARGIN_PER,BUY_CO_SL_RANGE_MAX_PERC,BUY_CO_SL_RANGE_MIN_PERC,BUY_BO_MIN_MARGIN_PER,BUY_BO_PROFIT_RANGE_MAX_PERC,BUY_BO_PROFIT_RANGE_MIN_PERC,MTF_LEVERAGE,SM_UPPER_LIMIT,SM_LOWER_LIMIT,SM_FREEZE_QTY,
NSE,I,1,NA,INDEX,1,NIFTY MIDCAP 150,NIFTY MIDCAP 150,NIFTY Midcap 150,INDEX,NA,1.0,0001-01-01,,XX,0.0500,N,N,N,N,NA,A,0,0,0,0,0,0,0,0.0000,0.0000,0,
BSE,I,2,NA,INDEX,2,BSEDSI,BSEDSI,BSE DSI,INDEX,NA,1.0,0001-01-01,,XX,0.0100,N,N,N,N,NA,A,0,0,0,0,0,0,0,0.0000,0.0000,0,
NSE,I,3,NA,INDEX,3,NIFTY SMALLCAP 250,NIFTY SMALLCAP 250,NIFTY Smallcap 250,INDEX,NA,1.0,0001-01-01,,XX,0.0500,N,N,N,N,NA,A,0,0,0,0,0,0,0,0.0000,0.0000,0,
BSE,I,4,NA,INDEX,4,BSEEVI,BSEEVI,BSE Enhanced Value Index,INDEX,NA,1.0,0001-01-01,,XX,0.0100,N,N,N,N,NA,A,0,0,0,0,0,0,0,0.0000,0.0000,0,
NSE,I,5,NA,INDEX,5,NIFTY SMALLCAP 100,NIFTY SMALLCAP 100,NIFTY Smallcap 100,INDEX,NA,1.0,0001-01-01,,XX,0.0500,N,N,N,N,NA,A,0,0,0,0,0,0,0,0.0000,0.0000,0,
NSE,I,6,NA,INDEX,6,NIFTY LARGEMID250,NIFTY LARGEMID250,Nifty Largemid250,INDEX,NA,1.0,0001-01-01,,XX,0.0500,N,N,N,N,NA,A,0,0,0,0,0,0,0,0.0000,0.0000,0,
NSE,I,7,NA,INDEX,7,NIFTY MIDSMALLCAP 400,NIFTY MIDSMALLCAP 400,Nifty MidSmallCap 400,INDEX,NA,1.0,0001-01-01,,XX,0.0500,N,N,N,N,NA,A,0,0,0,0,0,0,0,0.0000,0.0000,0,
NSE,I,10,NA,INDEX,10,NIFTY100 EQUAL WEIGHT,NIFTY100 EQUAL WEIGHT,Nifty100 Equal Weight,INDEX,NA,1.0,0001-01-01,,XX,0.0500,N,N,N,N,NA,A,0,0,0,0,0,0,0,0.0000,0.0000,0,
NSE,I,11,NA,INDEX,11,NIFTY100 LOW VOLATILITY 30,NIFTY100 LOW VOLATILITY 30,Nifty 100 Low Volatility 30,INDEX,NA,1.0,0001-01-01,,XX,0.0500,N,N,N,N,NA,A,0,0,0,0,0,0,0,0.0000,0.0000,0,
NSE,I,12,NA,INDEX,12,NIFTY ALPHA 50,NIFTY ALPHA 50,NIFTY ALPHA 50,INDEX,NA,1.0,0001-01-01,,XX,0.0500,N,N,N,N,NA,A,0,0,0,0,0,0,0,0.0000,0.0000,0,
NSE,I,13,NA,INDEX,13,NIFTY,NIFTY,Nifty 50,INDEX,NA,1.0,0001-01-01,,XX,0.0500,N,N,N,N,NA,A,0,0,0,0,0,0,0,0.0000,0.0000,0,
NSE,I,14,NA,INDEX,14,NIFTY AUTO,NIFTY AUTO,NIFTY Auto,INDEX,NA,1.0,0001-01-01,,XX,0.0500,N,N,N,N,NA,A,0,0,0,0,0,0,0,0.0000,0.0000,0,
NSE,I,15,NA,INDEX,15,NIFTY PVT BANK,NIFTY PVT BANK,NIFTY Private Bank,INDEX,NA,1.0,0001-01-01,,XX,0.0500,N,N,N,N,NA,A,0,0,0,0,0,0,0,0.0000,0.0000,0,
NSE,I,16,NA,INDEX,16,NIFTY MID LIQ 15,NIFTY MID LIQ 15,Nifty Midcap Liquid 15,INDEX,NA,1.0,0001-01-01,,XX,0.0500,N,N,N,N,NA,A,0,0,0,0,0,0,0,0.0000,0.0000,0,
NSE,I,17,NA,INDEX,17,NIFTY 100,NIFTY 100,NIFTY 100,INDEX,NA,1.0,0001-01-01,,XX,0.0500,N,N,N,N,NA,A,0,0,0,0,0,0,0,0.0000,0.0000,0,
NSE,I,18,NA,INDEX,18,NIFTY 200,NIFTY 200,NIFTY 200,INDEX,NA,1.0,0001-01-01,,XX,0.0500,N,N,N,N,NA,A,0,0,0,0,0,0,0,0.0000,0.0000,0,
NSE,I,19,NA,INDEX,19,NIFTY 500,NIFTY 500,NIFTY 500,INDEX,NA,1.0,0001-01-01,,XX,0.0500,N,N,N,N,NA,A,0,0,0,0,0,0,0,0.0000,0.0000,0,
NSE,I,20,NA,INDEX,20,NIFTYMCAP50,NIFTYMCAP50,Nifty Mid Cap 50,INDEX,NA,1.0,0001-01-01,,XX,0.0500,N,N,N,N,NA,A,0,0,0,0,0,0,0,0.0000,0.0000,0,
NSE,I,21,NA,INDEX,21,INDIA VIX,INDIA VIX,India VIX,INDEX,NA,1.0,0001-01-01,,XX,0.0500,N,N,N,N,NA,A,0,0,0,0,0,0,0,0.0000,0.0000,0,
NSE,I,22,NA,INDEX,22,NIFTY SMALLCAP 50,NIFTY SMALLCAP 50,Nifty Smallcap 50,INDEX,NA,1.0,0001-01-01,,XX,0.0500,N,N,N,N,NA,A,0,0,0,0,0,0,0,0.0000,0.0000,0,
BSE,I,23,NA,INDEX,23,BSELVI,BSELVI,BSELVI,INDEX,NA,1.0,0001-01-01,,XX,0.0100,N,N,N,N,NA,A,0,0,0,0,0,0,0,0.0000,0.0000,0,
NSE,I,25,NA,INDEX,25,BANKNIFTY,BANKNIFTY,Nifty Bank,INDEX,NA,1.0,0001-01-01,,XX,0.0500,N,N,N,N,NA,A,0,0,0,0,0,0,0,0.0000,0.0000,0,
NSE,I,27,NA,INDEX,27,FINNIFTY,FINNIFTY,Finnifty,INDEX,NA,1.0,0001-01-01,,XX,0.0500,N,N,N,N,NA,A,0,0,0,0,0,0,0,0.0000,0.0000,0,
NSE,I,28,NA,INDEX,28,NIFTY FMCG,NIFTY FMCG,NIFTY FMCG,INDEX,NA,1.0,0001-01-01,,XX,0.0500,N,N,N,N,NA,A,0,0,0,0,0,0,0,0.0000,0.0000,0,
NSE,I,29,NA,INDEX,29,NIFTYIT,NIFTYIT,Nifty IT,INDEX,NA,1.0,0001-01-01,,XX,0.0500,N,N,N,N,NA,A,0,0,0,0,0,0,0,0.0000,0.0000,0,
NSE,I,30,NA,INDEX,30,NIFTY MEDIA,NIFTY MEDIA,NIFTY Media,INDEX,NA,1.0,0001-01-01,,XX,0.0500,N,N,N,N,NA,A,0,0,0,0,0,0,0,0.0000,0.0000,0,
NSE,I,31,NA,INDEX,31,NIFTY METAL,NIFTY METAL,NIFTY Metal,INDEX,NA,1.0,0001-01-01,,XX,0.0500,N,N,N,N,NA,A,0,0,0,0,0,0,0,0.0000,0.0000,0,
NSE,I,32,NA,INDEX,32,NIFTY PHARMA,NIFTY PHARMA,NIFTY Pharma,INDEX,NA,1.0,0001-01-01,,XX,0.0500,N,N,N,N,NA,A,0,0,0,0,0,0,0,0.0000,0.0000,0,
NSE,I,33,NA,INDEX,33,NIFTY PSU BANK,NIFTY PSU BANK,NIFTY PSU Bank,INDEX,NA,1.0,0001-01-01,,XX,0.0500,N,N,N,N,NA,A,0,0,0,0,0,0,0,0.0000,0.0000,0,
NSE,I,34,NA,INDEX,34,NIFTY REALTY,NIFTY REALTY,NIFTY Realty,INDEX,NA,1.0,0001-01-01,,XX,0.0500,N,N,N,N,NA,A,0,0,0,0,0,0,0,0.0000,0.0000,0,
NSE,I,35,NA,INDEX,35,NIFTY100 LIQ 15,NIFTY100 LIQ 15,Nifty100 Liquid 15,INDEX,NA,1.0,0001-01-01,,XX,0.0500,N,N,N,N,NA,A,0,0,0,0,0,0,0,0.0000,0.0000,0,
BSE,I,36,NA,INDEX,36,BSEMOI,BSEMOI,BSE Momentum Index,INDEX,NA,1.0,0001-01-01,,XX,0.0100,N,N,N,N,NA,A,0,0,0,0,0,0,0,0.0000,0.0000,0,
NSE,I,37,NA,INDEX,37,NIFTY MID100 FREE,NIFTY MID100 FREE,NIFTY Midcap 100,INDEX,NA,1.0,0001-01-01,,XX,0.0500,N,N,N,N,NA,A,0,0,0,0,0,0,0,0.0000,0.0000,0,
NSE,I,38,NA,INDEX,38,NIFTYNXT50,NIFTYNXT50,Nifty Next 50,INDEX,NA,1.0,0001-01-01,,XX,0.0500,N,N,N,N,NA,A,0,0,0,0,0,0,0,0.0000,0.0000,0,
NSE,I,39,NA,INDEX,39,NIFTY COMMODITIES,NIFTY COMMODITIES,Nifty Commodities,INDEX,NA,1.0,0001-01-01,,XX,0.0500,N,N,N,N,NA,A,0,0,0,0,0,0,0,0.0000,0.0000,0,
NSE,I,40,NA,INDEX,40,NIFTY CONSUMPTION,NIFTY CONSUMPTION,NIFTY Consumption,INDEX,NA,1.0,0001-01-01,,XX,0.0500,N,N,N,N,NA,A,0,0,0,0,0,0,0,0.0000,0.0000,0,
NSE,I,41,NA,INDEX,41,NIFTYPSE,NIFTYPSE,Nifty PSE,INDEX,NA,1.0,0001-01-01,,XX,0.0500,N,N,N,N,NA,A,0,0,0,0,0,0,0,0.0000,0.0000,0,
NSE,I,42,NA,INDEX,42,NIFTY ENERGY,NIFTY ENERGY,NIFTY Energy,INDEX,NA,1.0,0001-01-01,,XX,0.0500,N,N,N,N,NA,A,0,0,0,0,0,0,0,0.0000,0.0000,0,
NSE,I,43,NA,INDEX,43,NIFTYINFRA,NIFTYINFRA,NIFTY Infra,INDEX,NA,1.0,0001-01-01,,XX,0.0500,N,N,N,N,NA,A,0,0,0,0,0,0,0,0.0000,0.0000,0,
NSE,I,44,NA,INDEX,44,NIFTY MNC,NIFTY MNC,NIFTY MNC,INDEX,NA,1.0,0001-01-01,,XX,0.0500,N,N,N,N,NA,A,0,0,0,0,0,0,0,0.0000,0.0000,0,
NSE,I,45,NA,INDEX,45,NIFTYCPSE,NIFTYCPSE,Nifty CPSE,INDEX,NA,1.0,0001-01-01,,XX,0.0500,N,N,N,N,NA,A,0,0,0,0,0,0,0,0.0000,0.0000,0,
NSE,I,46,NA,INDEX,46,NIFTY SERV SECTOR,NIFTY SERV SECTOR,NIFTY Services Sector,INDEX,NA,1.0,0001-01-01,,XX,0.0500,N,N,N,N,NA,A,0,0,0,0,0,0,0,0.0000,0.0000,0,
BSE,I,51,NA,INDEX,51,SENSEX,SENSEX,Sensex,INDEX,NA,1.0,0001-01-01,,XX,0.0100,N,N,N,N,NA,A,0,0,0,0,0,0,0,0.0000,0.0000,0,
BSE,I,52,NA,INDEX,52,BSEPBI,BSEPBI,BSE Private Banks Index,INDEX,NA,1.0,0001-01-01,,XX,0.0100,N,N,N,N,NA,A,0,0,0,0,0,0,0,0.0000,0.0000,0,
BSE,I,53,NA,INDEX,53,ESG100,ESG100,BSE 100 ESG,INDEX,NA,1.0,0001-01-01,,XX,0.0100,N,N,N,N,NA,A,0,0,0,0,0,0,0,0.0000,0.0000,0,
BSE,I,54,NA,INDEX,54,LCTMCI,LCTMCI,BSE 100 LargeCap TMC Index,INDEX,NA,1.0,0001-01-01,,XX,0.0100,N,N,N,N,NA,A,0,0,0,0,0,0,0,0.0000,0.0000,0,
BSE,I,55,NA,INDEX,55,LMI250,LMI250,BSE 250 Large Mid,INDEX,NA,1.0,0001-01-01,,XX,0.0100,N,N,N,N,NA,A,0,0,0,0,0,0,0,0.0000,0.0000,0,
BSE,I,56,NA,INDEX,56,MID150,MID150,BSE 150 MidCap,INDEX,NA,1.0,0001-01-01,,XX,0.0100,N,N,N,N,NA,A,0,0,0,0,0,0,0,0.0000,0.0000,0,
BSE,I,57,NA,INDEX,57,MSL400,MSL400,BSE 400 Mid Small,INDEX,NA,1.0,0001-01-01,,XX,0.0100,N,N,N,N,NA,A,0,0,0,0,0,0,0,0.0000,0.0000,0,
BSE,I,65,NA,INDEX,65,BSE100,BSE100,BSE 100,INDEX,NA,1.0,0001-01-01,,XX,0.0100,N,N,N,N,NA,A,0,0,0,0,0,0,0,0.0000,0.0000,0,
BSE,I,66,NA,INDEX,66,BSE200,BSE200,BSE 200,INDEX,NA,1.0,0001-01-01,,XX,0.0100,N,N,N,N,NA,A,0,0,0,0,0,0,0,0.0000,0.0000,0,
BSE,I,67,NA,INDEX,67,BSE500,BSE500,BSE 500,INDEX,NA,1.0,0001-01-01,,XX,0.0100,N,N,N,N,NA,A,0,0,0,0,0,0,0,0.0000,0.0000,0,
BSE,I,68,NA,INDEX,68,AUTO,AUTO,BSE Auto,INDEX,NA,1.0,0001-01-01,,XX,0.0100,N,N,N,N,NA,A,0,0,0,0,0,0,0,0.0000,0.0000,0,
BSE,I,69,NA,INDEX,69,BANKEX,BANKEX,BSE BANKEX,INDEX,NA,1.0,0001-01-01,,XX,0.0100,N,N,N,N,NA,A,0,0,0,0,0,0,0,0.0000,0.0000,0,
BSE,I,70,NA,INDEX,70,BSE CD,BSE CD,BSE Consumer Durables,INDEX,NA,1.0,0001-01-01,,XX,0.0100,N,N,N,N,NA,A,0,0,0,0,0,0,0,0.0000,0.0000,0,
BSE,I,71,NA,INDEX,71,BSE CG,BSE CG,BSE Capital Goods,INDEX,NA,1.0,0001-01-01,,XX,0.0100,N,N,N,N,NA,A,0,0,0,0,0,0,0,0.0000,0.0000,0,
BSE,I,72,NA,INDEX,72,BSEFMC,BSEFMC,BSE FMCG,INDEX,NA,1.0,0001-01-01,,XX,0.0100,N,N,N,N,NA,A,0,0,0,0,0,0,0,0.0000,0.0000,0,
BSE,I,73,NA,INDEX,73,BSE HC,BSE HC,BSE Healthcare,INDEX,NA,1.0,0001-01-01,,XX,0.0100,N,N,N,N,NA,A,0,0,0,0,0,0,0,0.0000,0.0000,0,
BSE,I,74,NA,INDEX,74,BSE IT,BSE IT,BSE IT,INDEX,NA,1.0,0001-01-01,,XX,0.0100,N,N,N,N,NA,A,0,0,0,0,0,0,0,0.0000,0.0000,0,
BSE,I,75,NA,INDEX,75,METAL,METAL,BSE Metals,INDEX,NA,1.0,0001-01-01,,XX,0.0100,N,N,N,N,NA,A,0,0,0,0,0,0,0,0.0000,0.0000,0,
BSE,I,76,NA,INDEX,76,OILGAS,OILGAS,BSE Oil and Gas,INDEX,NA,1.0,0001-01-01,,XX,0.0100,N,N,N,N,NA,A,0,0,0,0,0,0,0,0.0000,0.0000,0,
BSE,I,77,NA,INDEX,77,POWER,POWER,BSE Power,INDEX,NA,1.0,0001-01-01,,XX,0.0100,N,N,N,N,NA,A,0,0,0,0,0,0,0,0.0000,0.0000,0,
BSE,I,78,NA,INDEX,78,BSEPSU,BSEPSU,BSE PSU,INDEX,NA,1.0,0001-01-01,,XX,0.0100,N,N,N,N,NA,A,0,0,0,0,0,0,0,0.0000,0.0000,0,
BSE,I,79,NA,INDEX,79,REALTY,REALTY,BSE Realty,INDEX,NA,1.0,0001-01-01,,XX,0.0100,N,N,N,N,NA,A,0,0,0,0,0,0,0,0.0000,0.0000,0,
BSE,I,80,NA,INDEX,80,TECK,TECK,BSE TECk,INDEX,NA,1.0,0001-01-01,,XX,0.0100,N,N,N,N,NA,A,0,0,0,0,0,0,0,0.0000,0.0000,0,
BSE,I,81,NA,INDEX,81,BSEQUI,BSEQUI,BSEQUI,INDEX,NA,1.0,0001-01-01,,XX,0.0100,N,N,N,N,NA,A,0,0,0,0,0,0,0,0.0000,0.0000,0,
BSE,I,83,NA,INDEX,83,SNSX50,SNSX50,BSE Sensex 50,INDEX,NA,1.0,0001-01-01,,XX,0.0100,N,N,N,N,NA,A,0,0,0,0,0,0,0,0.0000,0.0000,0,
BSE,I,84,NA,INDEX,84,ALLCAP,ALLCAP,BSE AllCap,INDEX,NA,1.0,0001-01-01,,XX,0.0100,N,N,N,N,NA,A,0,0,0,0,0,0,0,0.0000,0.0000,0,
BSE,I,85,NA,INDEX,85,INFRA,INFRA,BSE India Infrastructure Index,INDEX,NA,1.0,0001-01-01,,XX,0.0100,N,N,N,N,NA,A,0,0,0,0,0,0,0,0.0000,0.0000,0,
BSE,I,86,NA,INDEX,86,CPSE,CPSE,BSE CPSE,INDEX,NA,1.0,0001-01-01,,XX,0.0100,N,N,N,N,NA,A,0,0,0,0,0,0,0,0.0000,0.0000,0,
BSE,I,87,NA,INDEX,87,MFG,MFG,BSE India Mfg,INDEX,NA,1.0,0001-01-01,,XX,0.0100,N,N,N,N,NA,A,0,0,0,0,0,0,0,0.0000,0.0000,0,
BSE,I,88,NA,INDEX,88,UTILS,UTILS,BSE Utilities,INDEX,NA,1.0,0001-01-01,,XX,0.0100,N,N,N,N,NA,A,0,0,0,0,0,0,0,0.0000,0.0000,0,
BSE,I,89,NA,INDEX,89,TELCOM,TELCOM,BSE Telecom,INDEX,NA,1.0,0001-01-01,,XX,0.0100,N,N,N,N,NA,A,0,0,0,0,0,0,0,0.0000,0.0000,0,
BSE,I,90,NA,INDEX,90,SMLSEL,SMLSEL,BSE SmallCap Select Index,INDEX,NA,1.0,0001-01-01,,XX,0.0100,N,N,N,N,NA,A,0,0,0,0,0,0,0,0.0000,0.0000,0,
BSE,I,91,NA,INDEX,91,COMDTY,COMDTY,BSE Basic Materials,INDEX,NA,1.0,0001-01-01,,XX,0.0100,N,N,N,N,NA,A,0,0,0,0,0,0,0,0.0000,0.0000,0,
BSE,I,92,NA,INDEX,92,ENERGY,ENERGY,BSE Energy,INDEX,NA,1.0,0001-01-01,,XX,0.0100,N,N,N,N,NA,A,0,0,0,0,0,0,0,0.0000,0.0000,0,
BSE,I,93,NA,INDEX,93,FINSER,FINSER,BSE Finance,INDEX,NA,1.0,0001-01-01,,XX,0.0100,N,N,N,N,NA,A,0,0,0,0,0,0,0,0.0000,0.0000,0,
BSE,I,95,NA,INDEX,95,MIDSEL,MIDSEL,BSE MidCap Select Index,INDEX,NA,1.0,0001-01-01,,XX,0.0100,N,N,N,N,NA,A,0,0,0,0,0,0,0,0.0000,0.0000,0,
BSE,I,96,NA,INDEX,96,CONDIS,CONDIS,Consumer Discretionary Goods & Services,INDEX,NA,1.0,0001-01-01,,XX,0.0100,N,N,N,N,NA,A,0,0,0,0,0,0,0,0.0000,0.0000,0,
BSE,I,97,NA,INDEX,97,INDSTR,INDSTR,BSE Industrials,INDEX,NA,1.0,0001-01-01,,XX,0.0100,N,N,N,N,NA,A,0,0,0,0,0,0,0,0.0000,0.0000,0,
BSE,I,98,NA,INDEX,98,SNXN30,SNXN30,BSE Sensex Next 30,INDEX,NA,1.0,0001-01-01,,XX,0.0100,N,N,N,N,NA,A,0,0,0,0,0,0,0,0.0000,0.0000,0,
BSE,I,99,NA,INDEX,99,CAPINS,CAPINS,BSE Capital Markets & Insurance,INDEX,NA,1.0,0001-01-01,,XX,0.0100,N,N,N,N,NA,A,0,0,0,0,0,0,0,0.0000,0.0000,0,
NSE,I,284,NA,INDEX,284,NIFTY DIV OPPS 50,NIFTY DIV OPPS 50,Nifty Dividend Opportunities 50,INDEX,NA,1.0,0001-01-01,,XX,0.0500,N,N,N,N,NA,A,0,0,0,0,0,0,0,0.0000,0.0000,0,
NSE,I,285,NA,INDEX,285,NIFTY GROWSECT 15,NIFTY GROWSECT 15,Nifty Growth Sectors 15,INDEX,NA,1.0,0001-01-01,,XX,0.0500,N,N,N,N,NA,A,0,0,0,0,0,0,0,0.0000,0.0000,0,
NSE,I,286,NA,INDEX,286,NIFTY50 VALUE 20,NIFTY50 VALUE 20,Nifty50 Value 20 Index,INDEX,NA,1.0,0001-01-01,,XX,0.0500,N,N,N,N,NA,A,0,0,0,0,0,0,0,0.0000,0.0000,0,
NSE,I,287,NA,INDEX,287,NIFTY100 QUALTY30,NIFTY100 QUALTY30,Nifty100 Qualty30,INDEX,NA,1.0,0001-01-01,,XX,0.0500,N,N,N,N,NA,A,0,0,0,0,0,0,0,0.0000,0.0000,0,
BSE,I,301,NA,INDEX,301,BHRT22,BHRT22,BSE Bharat 22 Index,INDEX,NA,1.0,0001-01-01,,XX,0.0100,N,N,N,N,NA,A,0,0,0,0,0,0,0,0.0000,0.0000,0,
BSE,I,302,NA,INDEX,302,GREENX,GREENX,BSE Greenex,INDEX,NA,1.0,0001-01-01,,XX,0.0100,N,N,N,N,NA,A,0,0,0,0,0,0,0,0.0000,0.0000,0,
BSE,I,303,NA,INDEX,303,BSEIPO,BSEIPO,BSE IPO,INDEX,NA,1.0,0001-01-01,,XX,0.0100,N,N,N,N,NA,A,0,0,0,0,0,0,0,0.0000,0.0000,0,
BSE,I,304,NA,INDEX,304,SMEIPO,SMEIPO,BSE SME IPO,INDEX,NA,1.0,0001-01-01,,XX,0.0100,N,N,N,N,NA,A,0,0,0,0,0,0,0,0.0000,0.0000,0,
BSE,I,305,NA,INDEX,305,CARBON,CARBON,CARBON,INDEX,NA,1.0,0001-01-01,,XX,0.0100,N,N,N,N,NA,A,0,0,0,0,0,0,0,0.0000,0.0000,0,
BSE,I,307,NA,INDEX,307,DFRGRI,DFRGRI,DFRGRI,INDEX,NA,1.0,0001-01-01,,XX,0.0100,N,N,N,N,NA,A,0,0,0,0,0,0,0,0.0000,0.0000,0,
BSE,I,309,NA,INDEX,309,SML250,SML250,BSE 250 Small Cap,INDEX,NA,1.0,0001-01-01,,XX,0.0100,N,N,N,N,NA,A,0,0,0,0,0,0,0,0.0000,0.0000,0,
BSE,I,310,NA,INDEX,310,SNXT50,SNXT50,Sensex Next 50 Index,INDEX,NA,1.0,0001-01-01,,XX,0.0100,N,N,N,N,NA,A,0,0,0,0,0,0,0,0.0000,0.0000,0,
NSE,I,442,NA,INDEX,442,MIDCPNIFTY,MIDCPNIFTY,Nifty Midcap Select,INDEX,NA,1.0,0001-01-01,,XX,0.0500,N,N,N,N,NA,A,0,0,0,0,0,0,0,0.0000,0.0000,0,
NSE,I,443,NA,INDEX,443,NIFTY TOTAL MKT,NIFTY TOTAL MKT,Nifty Total mkt,INDEX,NA,1.0,0001-01-01,,XX,0.0500,N,N,N,N,NA,A,0,0,0,0,0,0,0,0.0000,0.0000,0,
NSE,I,444,NA,INDEX,444,NIFTY MICROCAP250,NIFTY MICROCAP250,Nifty Microcap 250,INDEX,NA,1.0,0001-01-01,,XX,0.0500,N,N,N,N,NA,A,0,0,0,0,0,0,0,0.0000,0.0000,0,
NSE,I,446,NA,INDEX,446,NIFTY M150 QLTY50,NIFTY M150 QLTY50,NIFTY Midcap150 Quality 50,INDEX,NA,1.0,0001-01-01,,XX,0.0500,N,N,N,N,NA,A,0,0,0,0,0,0,0,0.0000,0.0000,0,
NSE,I,447,NA,INDEX,447,NIFTY HEALTHCARE,NIFTY HEALTHCARE,Nifty Healthcare,INDEX,NA,1.0,0001-01-01,,XX,0.0500,N,N,N,N,NA,A,0,0,0,0,0,0,0,0.0000,0.0000,0,
NSE,I,466,NA,INDEX,466,NIFTY CONSR DURBL,NIFTY CONSR DURBL,Nifty Consumer Durable,INDEX,NA,1.0,0001-01-01,,XX,0.0500,N,N,N,N,NA,A,0,0,0,0,0,0,0,0.0000,0.0000,0,
NSE,I,467,NA,INDEX,467,NIFTY500 MULTICAP,NIFTY500 MULTICAP,Nifty 500 Multicap 50:25:25,INDEX,NA,1.0,0001-01-01,,XX,0.0500,N,N,N,N,NA,A,0,0,0,0,0,0,0,0.0000,0.0000,0,
NSE,I,469,NA,INDEX,469,NIFTY FINSRV25 50,NIFTY FINSRV25 50,Nifty Financial Services 25/50,INDEX,NA,1.0,0001-01-01,,XX,0.0500,N,N,N,N,NA,A,0,0,0,0,0,0,0,0.0000,0.0000,0,
NSE,I,470,NA,INDEX,470,NIFTY OIL AND GAS,NIFTY OIL AND GAS,Nifty Oil and Gas,INDEX,NA,1.0,0001-01-01,,XX,0.0500,N,N,N,N,NA,A,0,0,0,0,0,0,0,0.0000,0.0000,0,
NSE,I,471,NA,INDEX,471,NIFTY MIDSML HLTH,NIFTY MIDSML HLTH,Nifty MidSmall Healthcare,INDEX,NA,1.0,0001-01-01,,XX,0.0500,N,N,N,N,NA,A,0,0,0,0,0,0,0,0.0000,0.0000,0,
NSE,I,473,NA,INDEX,473,NIFTY IND DIGITAL,NIFTY IND DIGITAL,Nifty India Digital,INDEX,NA,1.0,0001-01-01,,XX,0.0500,N,N,N,N,NA,A,0,0,0,0,0,0,0,0.0000,0.0000,0,
NSE,I,474,NA,INDEX,474,NIFTY INDIA MFG,NIFTY INDIA MFG,Nifty India Manufacturing,INDEX,NA,1.0,0001-01-01,,XX,0.0500,N,N,N,N,NA,A,0,0,0,0,0,0,0,0.0000,0.0000,0,
NSE,I,475,NA,INDEX,475,NIFTY TATA 25 CAP,NIFTY TATA 25 CAP,Nifty India Corporate Group Index - Tata Group 25% Cap,INDEX,NA,1.0,0001-01-01,,XX,0.0500,N,N,N,N,NA,A,0,0,0,0,0,0,0,0.0000,0.0000,0,
NSE,I,476,NA,INDEX,476,NIFTY MULTI MFG,NIFTY MULTI MFG,Nifty 500 Multicap India Manufacturing 50:30:20,INDEX,NA,1.0,0001-01-01,,XX,0.0500,N,N,N,N,NA,A,0,0,0,0,0,0,0,0.0000,0.0000,0,
NSE,I,477,NA,INDEX,477,NIFTY MULTI INFRA,NIFTY MULTI INFRA,Nifty 500 Multicap Infrastructure 50:30:20,INDEX,NA,1.0,0001-01-01,,XX,0.0500,N,N,N,N,NA,A,0,0,0,0,0,0,0,0.0000,0.0000,0,
NSE,I,478,NA,INDEX,478,NIFTY100 ESG,NIFTY100 ESG,Nifty100 ESG,INDEX,NA,1.0,0001-01-01,,XX,0.0500,N,N,N,N,NA,A,0,0,0,0,0,0,0,0.0000,0.0000,0,
NSE,I,479,NA,INDEX,479,NIFTY100ESGSECLDR,NIFTY100ESGSECLDR,Nifty100 ESG Sector Leaders,INDEX,NA,1.0,0001-01-01,,XX,0.0500,N,N,N,N,NA,A,0,0,0,0,0,0,0,0.0000,0.0000,0,
NSE,I,480,NA,INDEX,480,NIFTY200MOMENTM30,NIFTY200MOMENTM30,Nifty 200 Momentum 30,INDEX,NA,1.0,0001-01-01,,XX,0.0500,N,N,N,N,NA,A,0,0,0,0,0,0,0,0.0000,0.0000,0,
NSE,I,481,NA,INDEX,481,NIFTY200 ALPHA 30,NIFTY200 ALPHA 30,Nifty 200 Alpha 30,INDEX,NA,1.0,0001-01-01,,XX,0.0500,N,N,N,N,NA,A,0,0,0,0,0,0,0,0.0000,0.0000,0,
NSE,I,482,NA,INDEX,482,NIFTY ALPHALOWVOL,NIFTY ALPHALOWVOL,Nifty Alpha Low Volatility 30,INDEX,NA,1.0,0001-01-01,,XX,0.0500,N,N,N,N,NA,A,0,0,0,0,0,0,0,0.0000,0.0000,0,
NSE,I,483,NA,INDEX,483,NIFTYM150MOMNTM50,NIFTYM150MOMNTM50,Nifty Midcap150 Momentum 50,INDEX,NA,1.0,0001-01-01,,XX,0.0500,N,N,N,N,NA,A,0,0,0,0,0,0,0,0.0000,0.0000,0,
NSE,I,484,NA,INDEX,484,NIFTY50 DIV POINT,NIFTY50 DIV POINT,Nifty 50 Dividend Points,INDEX,NA,1.0,0001-01-01,,XX,0.0500,N,N,N,N,NA,A,0,0,0,0,0,0,0,0.0000,0.0000,0,
NSE,I,485,NA,INDEX,485,NIFTY50 EQL WGT,NIFTY50 EQL WGT,Nifty 50 Equal Weight,INDEX,NA,1.0,0001-01-01,,XX,0.0500,N,N,N,N,NA,A,0,0,0,0,0,0,0,0.0000,0.0000,0,
NSE,I,486,NA,INDEX,486,NIFTY50 PR 1X INV,NIFTY50 PR 1X INV,Nifty 50 PR 1x Inverse,INDEX,NA,1.0,0001-01-01,,XX,0.0500,N,N,N,N,NA,A,0,0,0,0,0,0,0,0.0000,0.0000,0,
NSE,I,487,NA,INDEX,487,NIFTY50 PR 2X LEV,NIFTY50 PR 2X LEV,Nifty 50 PR 2x Leverage,INDEX,NA,1.0,0001-01-01,,XX,0.0500,N,N,N,N,NA,A,0,0,0,0,0,0,0,0.0000,0.0000,0,
NSE,I,488,NA,INDEX,488,NIFTY50 TR 1X INV,NIFTY50 TR 1X INV,Nifty 50 TR 1x Inverse,INDEX,NA,1.0,0001-01-01,,XX,0.0500,N,N,N,N,NA,A,0,0,0,0,0,0,0,0.0000,0.0000,0,
NSE,I,489,NA,INDEX,489,NIFTY50 TR 2X LEV,NIFTY50 TR 2X LEV,Nifty 50 TR 2x Leverage,INDEX,NA,1.0,0001-01-01,,XX,0.0500,N,N,N,N,NA,A,0,0,0,0,0,0,0,0.0000,0.0000,0,
NSE,I,490,NA,INDEX,490,NIFTY200 QUALTY30,NIFTY200 QUALTY30,Nifty 200 Quality 30,INDEX,NA,1.0,0001-01-01,,XX,0.0500,N,N,N,N,NA,A,0,0,0,0,0,0,0,0.0000,0.0000,0,
NSE,I,491,NA,INDEX,491,NIFTY EV,NIFTY EV,Nifty EV and New Age Auto,INDEX,NA,1.0,0001-01-01,,XX,0.0500,N,N,N,N,NA,A,0,0,0,0,0,0,0,0.0000,0.0000,0,
NSE,I,492,NA,INDEX,492,NIFTYSML250MQ 100,NIFTYSML250MQ 100,Nifty Smallcap250 Momentum Quality 100,INDEX,NA,1.0,0001-01-01,,XX,0.0500,N,N,N,N,NA,A,0,0,0,0,0,0,0,0.0000,0.0000,0,
NSE,I,493,NA,INDEX,493,NIFTY IND DEFENCE,NIFTY IND DEFENCE,Nifty India Defence,INDEX,NA,1.0,0001-01-01,,XX,0.0500,N,N,N,N,NA,A,0,0,0,0,0,0,0,0.0000,0.0000,0,
NSE,I,494,NA,INDEX,494,NIFTY TOP 10 EW,NIFTY TOP 10 EW,Nifty Top 10 Equal Weight,INDEX,NA,1.0,0001-01-01,,XX,0.0500,N,N,N,N,NA,A,0,0,0,0,0,0,0,0.0000,0.0000,0,
NSE,I,495,NA,INDEX,495,NIFTY FINSEREXBNK,NIFTY FINSEREXBNK,Nifty Financial Services Ex Bank,INDEX,NA,1.0,0001-01-01,,XX,0.0500,N,N,N,N,NA,A,0,0,0,0,0,0,0,0.0000,0.0000,0,
NSE,I,496,NA,INDEX,496,NIFTY200 VALUE 30,NIFTY200 VALUE 30,Nifty 200 Value 30,INDEX,NA,1.0,0001-01-01,,XX,0.0500,N,N,N,N,NA,A,0,0,0,0,0,0,0,0.0000,0.0000,0,
NSE,I,497,NA,INDEX,497,NIFTY MULTI MQ 50,NIFTY MULTI MQ 50,Nifty 500 Multicap Momentum Quality 50,INDEX,NA,1.0,0001-01-01,,XX,0.0500,N,N,N,N,NA,A,0,0,0,0,0,0,0,0.0000,0.0000,0,
NSE,I,498,NA,INDEX,498,NIFTY500MOMENTM50,NIFTY500MOMENTM50,Nifty 500 Momentum 50,INDEX,NA,1.0,0001-01-01,,XX,0.0500,N,N,N,N,NA,A,0,0,0,0,0,0,0,0.0000,0.0000,0,
NSE,I,801,NA,INDEX,801,Nifty AQL 30,Nifty AQL 30,Nifty Alpha Quality Low Volatility 30,INDEX,NA,1.0,0001-01-01,,XX,0.0500,N,N,N,N,NA,A,0,0,0,0,0,0,0,0.0000,0.0000,0,
NSE,I,802,NA,INDEX,802,Nifty AQLV 30,Nifty AQLV 30,Nifty Alpha Quality Value Low Vol 30,INDEX,NA,1.0,0001-01-01,,XX,0.0500,N,N,N,N,NA,A,0,0,0,0,0,0,0,0.0000,0.0000,0,
NSE,I,803,NA,INDEX,803,Nifty Capital Mkt,Nifty Capital Mkt,Nifty Capital Markets,INDEX,NA,1.0,0001-01-01,,XX,0.0500,N,N,N,N,NA,A,0,0,0,0,0,0,0,0.0000,0.0000,0,
NSE,I,804,NA,INDEX,804,Nifty CoreHousing,Nifty CoreHousing,Nifty Core Housing,INDEX,NA,1.0,0001-01-01,,XX,0.0500,N,N,N,N,NA,A,0,0,0,0,0,0,0,0.0000,0.0000,0,
NSE,I,805,NA,INDEX,805,Nifty Corp MAATR,Nifty Corp MAATR,Nifty India Select 5 Corp Grps (MAATR),INDEX,NA,1.0,0001-01-01,,XX,0.0500,N,N,N,N,NA,A,0,0,0,0,0,0,0,0.0000,0.0000,0,
NSE,I,806,NA,INDEX,806,Nifty GS 10Yr,Nifty GS 10Yr,Nifty 10 Yr Benchmark G Sec,INDEX,NA,1.0,0001-01-01,,XX,0.0500,N,N,N,N,NA,A,0,0,0,0,0,0,0,0.0000,0.0000,0,
NSE,I,807,NA,INDEX,807,Nifty GS 10Yr Cln,Nifty GS 10Yr Cln,Nifty 10 Yr Benchmark G Sec Clean Price,INDEX,NA,1.0,0001-01-01,,XX,0.0500,N,N,N,N,NA,A,0,0,0,0,0,0,0,0.0000,0.0000,0,
NSE,I,808,NA,INDEX,808,Nifty GS 11 15Yr,Nifty GS 11 15Yr,Nifty 11-15 Yr G Sec,INDEX,NA,1.0,0001-01-01,,XX,0.0500,N,N,N,N,NA,A,0,0,0,0,0,0,0,0.0000,0.0000,0,
NSE,I,809,NA,INDEX,809,Nifty GS 15YrPlus,Nifty GS 15YrPlus,Nifty 15 Yr Plus G Sec,INDEX,NA,1.0,0001-01-01,,XX,0.0500,N,N,N,N,NA,A,0,0,0,0,0,0,0,0.0000,0.0000,0,
NSE,I,810,NA,INDEX,810,Nifty GS 4 8Yr,Nifty GS 4 8Yr,Nifty 4-8 Yr G Sec,INDEX,NA,1.0,0001-01-01,,XX,0.0500,N,N,N,N,NA,A,0,0,0,0,0,0,0,0.0000,0.0000,0,
NSE,I,811,NA,INDEX,811,Nifty GS 8 13Yr,Nifty GS 8 13Yr,Nifty 8-13 Yr G Sec,INDEX,NA,1.0,0001-01-01,,XX,0.0500,N,N,N,N,NA,A,0,0,0,0,0,0,0,0.0000,0.0000,0,
NSE,I,812,NA,INDEX,812,Nifty GS Compsite,Nifty GS Compsite,Nifty Composite G Sec,INDEX,NA,1.0,0001-01-01,,XX,0.0500,N,N,N,N,NA,A,0,0,0,0,0,0,0,0.0000,0.0000,0,
NSE,I,813,NA,INDEX,813,Nifty HighBeta 50,Nifty HighBeta 50,Nifty High Beta 50,INDEX,NA,1.0,0001-01-01,,XX,0.0500,N,N,N,N,NA,A,0,0,0,0,0,0,0,0.0000,0.0000,0,
NSE,I,814,NA,INDEX,814,Nifty Housing,Nifty Housing,Nifty Housing,INDEX,NA,1.0,0001-01-01,,XX,0.0500,N,N,N,N,NA,A,0,0,0,0,0,0,0,0.0000,0.0000,0,
NSE,I,815,NA,INDEX,815,Nifty Ind Tourism,Nifty Ind Tourism,Nifty India Tourism,INDEX,NA,1.0,0001-01-01,,XX,0.0500,N,N,N,N,NA,A,0,0,0,0,0,0,0,0.0000,0.0000,0,
NSE,I,816,NA,INDEX,816,Nifty IPO,Nifty IPO,Nifty IPO,INDEX,NA,1.0,0001-01-01,,XX,0.0500,N,N,N,N,NA,A,0,0,0,0,0,0,0,0.0000,0.0000,0,
NSE,I,818,NA,INDEX,818,Nifty Mobility,Nifty Mobility,Nifty Mobility,INDEX,NA,1.0,0001-01-01,,XX,0.0500,N,N,N,N,NA,A,0,0,0,0,0,0,0,0.0000,0.0000,0,
NSE,I,819,NA,INDEX,819,Nifty MS Fin Serv,Nifty MS Fin Serv,Nifty Mid Small Financial Services,INDEX,NA,1.0,0001-01-01,,XX,0.0500,N,N,N,N,NA,A,0,0,0,0,0,0,0,0.0000,0.0000,0,
NSE,I,820,NA,INDEX,820,Nifty MS Ind Cons,Nifty MS Ind Cons,Nifty Mid Small India Consumption,INDEX,NA,1.0,0001-01-01,,XX,0.0500,N,N,N,N,NA,A,0,0,0,0,0,0,0,0.0000,0.0000,0,
NSE,I,821,NA,INDEX,821,Nifty MS IT Telcm,Nifty MS IT Telcm,Nifty Mid Small IT Telecom,INDEX,NA,1.0,0001-01-01,,XX,0.0500,N,N,N,N,NA,A,0,0,0,0,0,0,0,0.0000,0.0000,0,
NSE,I,822,NA,INDEX,822,Nifty New Consump,Nifty New Consump,Nifty India New Age Consumption,INDEX,NA,1.0,0001-01-01,,XX,0.0500,N,N,N,N,NA,A,0,0,0,0,0,0,0,0.0000,0.0000,0,
NSE,I,823,NA,INDEX,823,Nifty NonCyc Cons,Nifty NonCyc Cons,Nifty Non Cyclical Consumer,INDEX,NA,1.0,0001-01-01,,XX,0.0500,N,N,N,N,NA,A,0,0,0,0,0,0,0,0.0000,0.0000,0,
NSE,I,824,NA,INDEX,824,Nifty Qlty LV 30,Nifty Qlty LV 30,Nifty Quality Low Volatility 30,INDEX,NA,1.0,0001-01-01,,XX,0.0500,N,N,N,N,NA,A,0,0,0,0,0,0,0,0.0000,0.0000,0,
NSE,I,825,NA,INDEX,825,Nifty Rural,Nifty Rural,Nifty Rural,INDEX,NA,1.0,0001-01-01,,XX,0.0500,N,N,N,N,NA,A,0,0,0,0,0,0,0,0.0000,0.0000,0,
NSE,I,826,NA,INDEX,826,Nifty Shariah 25,Nifty Shariah 25,Nifty Shariah 25,INDEX,NA,1.0,0001-01-01,,XX,0.0500,N,N,N,N,NA,A,0,0,0,0,0,0,0,0.0000,0.0000,0,
NSE,I,827,NA,INDEX,827,Nifty Sml250 Q50,Nifty Sml250 Q50,Nifty Smallcap 250 Quality 50,INDEX,NA,1.0,0001-01-01,,XX,0.0500,N,N,N,N,NA,A,0,0,0,0,0,0,0,0.0000,0.0000,0,
NSE,I,828,NA,INDEX,828,Nifty Top 15 EW,Nifty Top 15 EW,Nifty Top 15 Equal Weight,INDEX,NA,1.0,0001-01-01,,XX,0.0500,N,N,N,N,NA,A,0,0,0,0,0,0,0,0.0000,0.0000,0,
NSE,I,829,NA,INDEX,829,Nifty Top 20 EW,Nifty Top 20 EW,Nifty Top 20 Equal Weight,INDEX,NA,1.0,0001-01-01,,XX,0.0500,N,N,N,N,NA,A,0,0,0,0,0,0,0,0.0000,0.0000,0,
NSE,I,830,NA,INDEX,830,Nifty Trans Logis,Nifty Trans Logis,Nifty Transportation Logistics,INDEX,NA,1.0,0001-01-01,,XX,0.0500,N,N,N,N,NA,A,0,0,0,0,0,0,0,0.0000,0.0000,0,
NSE,I,831,NA,INDEX,831,Nifty100 Alpha 30,Nifty100 Alpha 30,Nifty 100 Alpha 30,INDEX,NA,1.0,0001-01-01,,XX,0.0500,N,N,N,N,NA,A,0,0,0,0,0,0,0,0.0000,0.0000,0,
NSE,I,832,NA,INDEX,832,Nifty100 Enh ESG,Nifty100 Enh ESG,Nifty 100 Enhanced ESG,INDEX,NA,1.0,0001-01-01,,XX,0.0500,N,N,N,N,NA,A,0,0,0,0,0,0,0,0.0000,0.0000,0,
NSE,I,833,NA,INDEX,833,Nifty50 Shariah,Nifty50 Shariah,Nifty 50 Shariah,INDEX,NA,1.0,0001-01-01,,XX,0.0500,N,N,N,N,NA,A,0,0,0,0,0,0,0,0.0000,0.0000,0,
NSE,I,834,NA,INDEX,834,Nifty500 EW,Nifty500 EW,Nifty 500 Equal Weight,INDEX,NA,1.0,0001-01-01,,XX,0.0500,N,N,N,N,NA,A,0,0,0,0,0,0,0,0.0000,0.0000,0,
NSE,I,835,NA,INDEX,835,Nifty500 LMS Eql,Nifty500 LMS Eql,Nifty 500 Lrg Mid Sml Equal Wtd,INDEX,NA,1.0,0001-01-01,,XX,0.0500,N,N,N,N,NA,A,0,0,0,0,0,0,0,0.0000,0.0000,0,
NSE,I,836,NA,INDEX,836,Nifty500 LowVol50,Nifty500 LowVol50,Nifty 500 Low Volatility 50,INDEX,NA,1.0,0001-01-01,,XX,0.0500,N,N,N,N,NA,A,0,0,0,0,0,0,0,0.0000,0.0000,0,
NSE,I,837,NA,INDEX,837,Nifty500 MQVLv50,Nifty500 MQVLv50,Nifty 500 Multifactor MQVLv 50,INDEX,NA,1.0,0001-01-01,,XX,0.0500,N,N,N,N,NA,A,0,0,0,0,0,0,0,0.0000,0.0000,0,
NSE,I,838,NA,INDEX,838,Nifty500 Qlty50,Nifty500 Qlty50,Nifty 500 Quality 50,INDEX,NA,1.0,0001-01-01,,XX,0.0500,N,N,N,N,NA,A,0,0,0,0,0,0,0,0.0000,0.0000,0,
NSE,I,839,NA,INDEX,839,Nifty500 Shariah,Nifty500 Shariah,Nifty 500 Shariah,INDEX,NA,1.0,0001-01-01,,XX,0.0500,N,N,N,N,NA,A,0,0,0,0,0,0,0,0.0000,0.0000,0,
NSE,I,840,NA,INDEX,840,Nifty500 Value 50,Nifty500 Value 50,Nifty 500 Value 50,INDEX,NA,1.0,0001-01-01,,XX,0.0500,N,N,N,N,NA,A,0,0,0,0,0,0,0,0.0000,0.0000,0,
NSE,I,841,NA,INDEX,841,NiftyMS400 MQ 100,NiftyMS400 MQ 100,Nifty Mid Small 400 MQ 100,INDEX,NA,1.0,0001-01-01,,XX,0.0500,N,N,N,N,NA,A,0,0,0,0,0,0,0,0.0000,0.0000,0,
BSE,I,842,NA,INDEX,842,200EQW,200EQW,BSE 200 Equal Weight,INDEX,NA,1.0,0001-01-01,,XX,0.0500,N,N,N,N,NA,A,0,0,0,0,0,0,0,0.0000,0.0000,0,
BSE,I,843,NA,INDEX,843,BBGEFS,BBGEFS,BSE Business Grps Ex Fin Services,INDEX,NA,1.0,0001-01-01,,XX,0.0500,N,N,N,N,NA,A,0,0,0,0,0,0,0,0.0000,0.0000,0,
BSE,I,844,NA,INDEX,844,BS1000,BS1000,BSE 1000,INDEX,NA,1.0,0001-01-01,,XX,0.0500,N,N,N,N,NA,A,0,0,0,0,0,0,0,0.0000,0.0000,0,
BSE,I,845,NA,INDEX,845,BSESER,BSESER,BSE Service Sector,INDEX,NA,1.0,0001-01-01,,XX,0.0500,N,N,N,N,NA,A,0,0,0,0,0,0,0,0.0000,0.0000,0,
BSE,I,846,NA,INDEX,846,CAPINS,CAPINS,BSE Capital Goods Industrial Solutions,INDEX,NA,1.0,0001-01-01,,XX,0.0500,N,N,N,N,NA,A,0,0,0,0,0,0,0,0.0000,0.0000,0,
BSE,I,847,NA,INDEX,847,DOL100,DOL100,BSE Dollex 100,INDEX,NA,1.0,0001-01-01,,XX,0.0500,N,N,N,N,NA,A,0,0,0,0,0,0,0,0.0000,0.0000,0,
BSE,I,848,NA,INDEX,848,DOL200,DOL200,BSE Dollex 200,INDEX,NA,1.0,0001-01-01,,XX,0.0500,N,N,N,N,NA,A,0,0,0,0,0,0,0,0.0000,0.0000,0,
BSE,I,849,NA,INDEX,849,DOL30,DOL30,BSE Dollex 30,INDEX,NA,1.0,0001-01-01,,XX,0.0500,N,N,N,N,NA,A,0,0,0,0,0,0,0,0.0000,0.0000,0,
BSE,I,850,NA,INDEX,850,FOCIT,FOCIT,BSE Focused IT,INDEX,NA,1.0,0001-01-01,,XX,0.0500,N,N,N,N,NA,A,0,0,0,0,0,0,0,0.0000,0.0000,0,
BSE,I,851,NA,INDEX,851,FOCMID,FOCMID,BSE Focused Midcap,INDEX,NA,1.0,0001-01-01,,XX,0.0500,N,N,N,N,NA,A,0,0,0,0,0,0,0,0.0000,0.0000,0,
BSE,I,852,NA,INDEX,852,IND150,IND150,BSE India 150,INDEX,NA,1.0,0001-01-01,,XX,0.0500,N,N,N,N,NA,A,0,0,0,0,0,0,0,0.0000,0.0000,0,
BSE,I,853,NA,INDEX,853,INSLDR,INSLDR,BSE India Leaders,INDEX,NA,1.0,0001-01-01,,XX,0.0500,N,N,N,N,NA,A,0,0,0,0,0,0,0,0.0000,0.0000,0,
BSE,I,854,NA,INDEX,854,INTECO,INTECO,BSE India Technology,INDEX,NA,1.0,0001-01-01,,XX,0.0500,N,N,N,N,NA,A,0,0,0,0,0,0,0,0.0000,0.0000,0,
BSE,I,855,NA,INDEX,855,POWENE,POWENE,BSE Power Energy,INDEX,NA,1.0,0001-01-01,,XX,0.0500,N,N,N,N,NA,A,0,0,0,0,0,0,0,0.0000,0.0000,0,
BSE,I,856,NA,INDEX,856,PRECON,PRECON,BSE Premium Consumption,INDEX,NA,1.0,0001-01-01,,XX,0.0500,N,N,N,N,NA,A,0,0,0,0,0,0,0,0.0000,0.0000,0,
BSE,I,857,NA,INDEX,857,PSUBNK,PSUBNK,BSE PSU Bank,INDEX,NA,1.0,0001-01-01,,XX,0.0500,N,N,N,N,NA,A,0,0,0,0,0,0,0,0.0000,0.0000,0,
BSE,I,858,NA,INDEX,858,SELIPO,SELIPO,BSE Select IPO,INDEX,NA,1.0,0001-01-01,,XX,0.0500,N,N,N,N,NA,A,0,0,0,0,0,0,0,0.0000,0.0000,0,
BSE,I,859,NA,INDEX,859,SENEQW,SENEQW,BSE Sensex Equal Weight,INDEX,NA,1.0,0001-01-01,,XX,0.0500,N,N,N,N,NA,A,0,0,0,0,0,0,0,0.0000,0.0000,0,
BSE,I,860,NA,INDEX,860,SNSX60,SNSX60,BSE Sensex 60,INDEX,NA,1.0,0001-01-01,,XX,0.0500,N,N,N,N,NA,A,0,0,0,0,0,0,0,0.0000,0.0000,0,
BSE,I,861,NA,INDEX,861,SS6535,SS6535,BSE Sensex Sixty 65:35,INDEX,NA,1.0,0001-01-01,,XX,0.0500,N,N,N,N,NA,A,0,0,0,0,0,0,0,0.0000,0.0000,0,
NSE,I,5024,NA,INDEX,5024,GIFTNIFTY,GIFTNIFTY,Gift Nifty,INDEX,NA,1.0,0001-01-01,,XX,0.0000,N,N,N,N,NA,A,0,0,0,0,0,0,0,0.0000,0.0000,0,
